Order_ID,Date,Product,Category,Quantity,Price,Customer,Region
1001,2026-01-05,Laptop,Electronics,2,60000,Amit,West
1002,2026-01-08,Mouse,Accessories,5,800,Rahul,North
1003,2026-01-12,Keyboard,Accessories,3,1500,Priya,South
1004,2026-01-18,Monitor,Electronics,2,12000,Sneha,West
1005,2026-02-03,Laptop,Electronics,1,60000,Amit,East
1006,2026-02-10,Mouse,Accessories,4,800,Rohan,North
1007,2026-02-15,Headphones,Accessories,3,2500,Neha,South
1008,2026-02-20,Monitor,Electronics,1,12000,Arjun,West
1009,2026-02-25,Keyboard,Accessories,2,1500,Priya,South
1010,2026-03-02,Laptop,Electronics,1,60000,Rahul,North
1011,2026-03-08,Mouse,Accessories,,800,Neha,East
1012,2026-03-15,Monitor,Electronics,2,12000,Sneha,West
1013,2026-03-20,Headphones,Accessories,2,2500,,South
1014,2026-03-25,Laptop,Electronics,1,60000,Amit,West
1014,2026-03-25,Laptop,Electronics,1,60000,Amit,West